{
	"1920-skill-list": "accounting,anthropology,appraise,archaeology,charm,climb,creditrating,cthulhumythos,disguise,dodge,driveauto,elecrepair,fasttalk,fighting(brawl),firearms(hg),firearms_rifle,firstaid,history,intimidate,jump,language(own),law,libraryuse,listen,locksmith,mechrepair,medicine,naturalworld,navigate,occult,ophvmachine,persuade,psychoanalysis,psychology,ride,sleightofhand,spothidden,stealth,swim,throw,track",
	"invictus-skill-list": "accounting,animalhandling,appraise,artandcraft1,artandcraft2,charm,civics,climb,cthulhumythos,disguise,dodge,drivewagon,empire,fasttalk,fighting(brawl),fightspec1,fightspec2,fightspec3,firstaid,insight,intimidate,jump,language(own),libraryuse,listen,medicine,naturalworld,navigate,occult,otherkingdom1,otherkingdom2,otherlanguage1,otherlanguage2,persuade,pilotboat,readandwritelang1,readandwritelang2,repair/devise,ride,shield,sleightofhand,spothidden,status,stealth,swim,throw,track",
	"modern-skill-list": "archery,dodge,gunnery,heavy_weapons,melee_weapons,firearms(hg),firearms_rifle,firearms_s_m_g,throw,unarmed,magic_alteration,magic_elemental,magic_enchantment,magic_illusion,magic_necromancy,magic_restoration,magic_summoning,magic_technomancy,magic_warding,magic_universal,language(own),language(caltheran),athletics,coordination,swim,driveauto,drone_operation,pilotaircraft,pilotboat,alchemy,anthropology,arcana,archaeology,architecture,biology,chemistry,engineering,forbidden_lore,history,law,medicine,naturalworld,occult,physics,spirit_lore,veil_lore,bureaucracy,charm,dance,deception,disguise,etiquette_high_society,etiquette_lyranni,etiquette_other,impersonation,insight,instrument,intimidate,interrogation,persuade,singing,streetwise,animalhandling,first_aid,listen,navigate,perception,sleightofhand,stealth,survival,track,archanotech,computeruse,cybernetics,demolitions,electronics,mechanics,security,slicing",
	"dark-ages-skill-list": "accounting,animalhandling,appraise,artandcraft1,artandcraft2,charm,climb,cthulhumythos,disguise,dodge,drivewagon,fasttalk,fighting(brawl),fightspec1,fightspec2,fightspec3,firstaid,insight,intimidate,jump,language(own),libraryuse,listen,locksmith,medicine,naturalworld,navigate,occult,otherkingdom1,otherkingdom2,otherlanguage1,otherlanguage2,ownkingdom,persuade,pilotboat,readandwritelang1,readandwritelang2,religion,repair/devise,ride,shield,sleightofhand,spothidden,status,stealth,swim,throw,track",
	"old-west-skill-list": "accounting,animalhandling,anthropology,appraise,archaeology,artandcraft,charm,climb,creditrating,cthulhumythos,disguise,dodge,drivewagon,elecrepair,fasttalk,fighting(brawl),fightingother,firearms(hg),firearms_rifle,firearmsother,firstaid,gambling,history,intimidate,jump,language(other),language(own),law,libraryuse,listen,locksmith,mechrepair,medicine,naturalworld,navigate,occult,ophvmachine,persuade,psychology,ride,ropeuse,sleightofhand,spothidden,stealth,swim,throw,track,trap",
	"icarus-skill-list": "accounting,appraise,archaeology,artandcraft,charm,climb,computermaint,creditrating,cthulhumythos,demolitions,dodge,driveauto,elecrepair,electronics,fasttalk,fighting(brawl),firearms(hg),firearms_rifle,firearmselectr,firstaid,history,intimidate,jump,language(own),law,libraryuse,listen,locksmith,mechrepair,medicine,naturalworld,navigate,occult,ophvmachine,persuade,psychoanalysis,psychology,readlips,sleightofhand,spothidden,stealth,sysops,techrepair,throw,track,zerog",
	"end-of-times-skill-list": "animalhandling,appraise,artandcraft,charm,climb,computeruse,cthulhumythos,disguise,dodge,drive,elecrepair,fasttalk,fighting(brawl),fightingother,firearms(hg),firearms_rifle,firearms_s_m_g,firstaid,history,intimidate,jump,language(other),language(own),libraryuse,listen,locksmith,mechrepair,medicine,naturalworld,navigate,occult,ophvmachine,persuade,psychology,ride,scavenge,sleightofhand,spothidden,status,stealth,swim,techrepair,throw,track",
	"investigatorinfo-u": "Ghost Info",
	"talent-summary": "Talents Summary",
	"heroinfo-u": "Hero Info",
	"name-u": "Name",
	"player-u": "Player",
	"occupation-u": "Occupation",
	"archetype-u": "Archetype",
	"age-u": "Age",
	"sex-u": "Sex",
	"residence-u": "Residence",
	"birthplace-u": "Birthplace",
	"characteristics-u": "Characteristics",
	"STR-u": "STR",
	"STR-r-txt": "STR Roll",
	"DEX-u": "DEX",
	"DEX-r-txt": "DEX Roll",
	"POW-u": "POW",
	"POW-r-txt": "POW Roll",
	"CON-u": "CON",
	"CON-r-txt": "CON Roll",
	"APP-u": "APP",
	"APP-r-txt": "APP Roll",
	"EDU-u": "EDU",
	"EDU-r-txt": "EDU Roll",
	"SIZ-u": "SIZ",
	"SIZ-r-txt": "SIZ Roll",
	"INT-u": "INT",
	"INT-r-txt": "INT Roll",
	"MAG-u": "MAG",
	"MAG-r-txt": "MAG Roll",
	"Move rate-u": "Move rate",
	"Move rate-r-txt": "Move rate Roll",
	"arcane_capacity-u": "Arc. Cap.",
	"arcane_capacity-r-txt": "Arcane Capacity Roll",
	"total_skill_points_spent-u": "Skill Points",
	"total_attr_points_spent-u": "Attr Points",
	"career-u": "Career",
	"other-u": "Other",
	"status-u": "Stat",
	"spellname-u": "Spell Name",
	"cost-u": "Cost",
	"castime-u": "Casting Time",
	"prepared-u": "Prepared",
	"extreme-damage": "Max Dam:",
	"race-u": "Race",
	"spenders-u": "Spenders",
	"on-u": "Yes",
	"off-u": "No",
	"description-u": "Description",
	"HP-u": "Hit Points",
	"HP-r-txt": "Hit Points Roll",
	"current": "current",
	"majorwound-u": "Major Wound",
	"pulphp-u": "Pulp HP",
	"luck-u": "Luck",
	"luck-r-txt": "Luck Roll",
	"damagebonus-u": "Damage Bonus",
	"None": "None",
	"build-u": "Build",
	"sanity-u": "Sanity",
	"4/5-u": "4/5",
	"pulp-z": "Pulp",
	"sanity-r-txt": "Sanity Roll",
	"start": "start",
	"current-u": "current",
	"max-u": "max",
	"tempinsane-u": "Temp. Insane",
	"indefinsane-u": "Indef. Insane",
	"bouts-of-madness-u": "Bouts of Madness",
	"pulp-bouts-of-madness-u": "Pulp Bouts of Madness",
	"bom-real-time": "Real-Time",
	"bom-summary": "Summary",
	"stable": "Stable",
	"strain-u": "Strain",
	"strain-z": "Strain",
	"vitality-u": "Vitality",
	"dicerolls-u": "Dice Rolls",
	"custom-u": "Custom",
	"investigatorskills-u": "Skills",
	"accounting_da-u": "Accounting",
	"animalhandling_da-u": "Animal Handling",
	"animalhandling_mdr-u": "Animal Handling",
	"accounting-u": "Accounting",
	"accounting-r-txt": "Accounting Roll",
	"animalhandling-u": "Animal Handling",
	"animalhandling-r-txt": "Animal Handling Roll",
	"alchemy-u": "Alchemy",
	"alchemy-r-txt": "Alchemy Roll",
	"anthropology-u": "Anthropology",
	"anthropology-r-txt": "Anthropology Roll",
	"appraise-u": "Appraise",
	"appraise-r-txt": "Appraise Roll",
	"appraise_et-u": "Appraise",
	"appraise_ic-u": "Appraise",
	"arcana-u": "Arcana",
	"arcana-r-txt": "Arcana Roll",
	"archaeology-u": "Archaeology",
	"archaeology-r-txt": "Archaeology Roll",
	"archanotech-u": "Archanotech",
	"archanotech-r-txt": "Archanotech Roll",
	"archery-u": "Archery",
	"archery-r-txt": "Archery Roll",
	"architecture-u": "Architecture",
	"architecture-r-txt": "Architecture Roll",
	"artandcraft-u": "Art & Craft",
	"artandcraft1": "Art and Craft 1",
	"artandcraft2": "Art and Craft 2",
	"biology-u": "Biology",
	"biology-r-txt": "Biology Roll",
	"bureaucracy-u": "Bureaucracy",
	"bureaucracy-r-txt": "Bureaucracy Roll",
	"chemistry-u": "Chemistry",
	"chemistry-r-txt": "Chemistry Roll",
	"chant-u": "Chant",
	"chant-r-txt": "Chant Roll",
	"charm-u": "Charm",
	"charm-r-txt": "Charm Roll",
	"civics-u": "Civics",
	"climb-u": "Climb",
	"climb-r-txt": "Climb Roll",
	"computeruse-u": "Computer Use",
	"computeruse-r-txt": "Computer Use Roll",
	"creditrating-u": "Credit Rating(00%)",
	"creditrating-r-txt": "Credit Rating Roll",
	"cthulhumythos-u": "Cthulhu Mythos(00%)",
	"cthulhumythos-r-txt": "Cthulhu Mythos Roll",
	"cybernetics-u": "Cybernetics",
	"cybernetics-r-txt": "Cybernetics Roll",
	"dance-u": "Dance",
	"dance-r-txt": "Dance Roll",
	"deception-u": "Deception",
	"deception-r-txt": "Deception Roll",
	"demolitions-u": "Demolitions",
	"demolitions-r-txt": "Demolitions Roll",
	"disguise-u": "Disguise",
	"disguise-r-txt": "Disguise Roll",
	"dodge-u": "Dodge(DEX/2)",
	"dodge-r-txt": "Dodge Roll",
	"drivewagon-u": "Drive Wagon",
	"driveauto-u": "Drive Auto",
	"driveauto-r-txt": "Drive Auto Roll",
	"drone_operation-u": "Drone Operation",
	"drone_operation-r-txt": "Drone Operation Roll",
	"drive-u": "Drive",
	"elecrepair-u": "Elec Repair",
	"elecrepair-r-txt": "Elec Repair Roll",
	"elecrepair_ow-u": "Elec. Repair(00%)",
	"electronics-u": "Electronics",
	"electronics-r-txt": "Electronics Roll",
	"empire-u": "Empire",
	"engineering-u": "Engineering",
	"engineering-r-txt": "Engineering Roll",
	"etiquette_high_society-u": "Etiquette (High Society)",
	"etiquette_high_society-r-txt": "Etiquette (High Society) Roll",
	"etiquette_lyranni-u": "Etiquette (Lyranni)",
	"etiquette_lyranni-r-txt": "Etiquette (Lyranni) Roll",
	"etiquette_alteri-u": "Etiquette (Alteri)",
	"etiquette_alteri-r-txt": "Etiquette (Alteri) Roll",
	"etiquette_other-u": "Etiquette (Other)",
	"etiquette_other-r-txt": "Etiquette (Other) Roll",
	"fasttalk-u": "Fast Talk",
	"fasttalk-r-txt": "Fast Talk Roll",
	"fighting(brawl)-u": "Brawl",
	"fighting_brawl-r-txt": "Brawl Roll",
	"fightspec1": "Fighting(Other) #1",
	"fightspec2": "Fighting(Other) #2",
	"fightspec3": "Fighting(Other) #3",
	"shield-u": "Shield",
	"fighting_other-u": "Fighting(Other)",
	"firearms(hg)-u": "Pistol",
	"firearms_hg-r-txt": "Pistol Roll",
	"firearms_rifle-u": "Rifle/Shotgun",
	"firearms_rifle-r-txt": "Rifle/Shotgun Roll",
	"firearms_s_m_g-u": "Submachine Gun",
	"firearms_smg-r-txt": "Submachine Gun Roll",
	"firearms_other-u": "Firearms(Other)",
	"firearms_electr-u": "Firearms(Electr.)",
	"firstaid-u": "First Aid",
	"firstaid-r-txt": "First Aid Roll",
	"first_aid-u": "First Aid",
	"first_aid-r-txt": "First Aid Roll",
	"forbidden_lore-u": "Forbidden Lore",
	"forbidden_lore-r-txt": "Forbidden Lore Roll",
	"forgery-u": "Forgery",
	"forgery-r-txt": "Forgery Roll",
	"gambling-u": "Gambling",
	"gunnery-u": "Gunnery",
	"gunnery-r-txt": "Gunnery Roll",
	"heavy_weapons-u": "Heavy Weapons",
	"heavy_weapons-r-txt": "Heavy Weapons Roll",
	"history-u": "History",
	"history-r-txt": "History Roll",
	"impersonation-u": "Impersonation",
	"impersonation-r-txt": "Impersonation Roll",
	"insight-da": "Insight",
	"insight-u": "Insight",
	"insight-r-txt": "Insight Roll",
	"instrument-u": "Instrument",
	"instrument-r-txt": "Instrument Roll",
	"intimidate-u": "Intimidate",
	"intimidate-r-txt": "Intimidate Roll",
	"interrogation-u": "Interrogation",
	"interrogation-r-txt": "Interrogation Roll",
	"investigation-u": "Investigation",
	"investigation-r-txt": "Investigation Roll",
	"initiative-u": "Init",
	"jump_da-u": "Jump",
	"jump-u": "Jump",
	"jump-r-txt": "Jump Roll",
	"language(own)-u": "Racial",
	"language_own-r-txt": "Language(Own) Roll",
	"language(caltheran)-u": "Caltheran(EDU)",
	"language_caltheran-r-txt": "Language(Caltheran) Roll",
	"otherlanguage1": "Language(Other)",
	"otherlanguage2": "Language(Other)",
	"law-u": "Law",
	"law-r-txt": "Law Roll",
	"libraryuse-u": "Library Use",
	"libraryuse-r-txt": "Library Use Roll",
	"libraryuse_da-u": "Library Use",
	"listen_da-u": "Listen",
	"listen-u": "Listen",
	"listen-r-txt": "Listen Roll",
	"listen_mdr-u": "Listen",
	"locksmith-u": "Locksmith",
	"locksmith-r-txt": "Locksmith Roll",
	"magic_alteration-u": "Alteration",
	"magic_alteration-r-txt": "Magic(Alteration) Roll",
	"magic_elemental-u": "Elemental",
	"magic_elemental-r-txt": "Magic(Elemental) Roll",
	"magic_enchantment-u": "Enchantment",
	"magic_enchantment-r-txt": "Magic(Enchantment) Roll",
	"magic_illusion-u": "Illusion",
	"magic_illusion-r-txt": "Magic(Illusion) Roll",
	"magic_necromancy-u": "Necromancy",
	"magic_necromancy-r-txt": "Magic(Necromancy) Roll",
	"magic_restoration-u": "Restoration",
	"magic_restoration-r-txt": "Magic(Restoration) Roll",
	"magic_summoning-u": "Summoning",
	"magic_summoning-r-txt": "Magic(Summoning) Roll",
	"magic_technomancy-u": "Technomancy",
	"magic_technomancy-r-txt": "Magic(Technomancy) Roll",
	"magic_warding-u": "Warding",
	"magic_warding-r-txt": "Magic(Warding) Roll",
	"magic_universal-u": "Universal",
	"magic_universal-r-txt": "Magic(Universal) Roll",
	"mech_repair-u": "Mech Repair",
	"mech_repair-r-txt": "Mech Repair Roll",
	"mechanics-u": "Mechanics",
	"mechanics-r-txt": "Mechanics Roll",
	"mechrepair-u": "Mechrepair",
	"mechrepair-r-txt": "Mechrepair Roll",
	"medicine-u": "Medicine",
	"medicine-r-txt": "Medicine Roll",
	"melee_weapons-u": "Melee Weapons",
	"melee_weapons-r-txt": "Melee Weapons Roll",
	"naturalworld-u": "Natural World",
	"naturalworld-r-txt": "Natural World Roll",
	"naturalworld_da-u": "Natural World",
	"naturalworld_et-u": "Natural World",
	"navigate-u": "Navigate",
	"navigate-r-txt": "Navigate Roll",
	"occult-u": "Occult Lore",
	"occult-r-txt": "Occult Roll",
	"ophvmachine-u": "Op Hv Machine",
	"ophvmachine-r-txt": "Op Hv Machine Roll",
	"ownkingdom_da-u": "Own Kingdom",
	"otherkingdom1": "Other Kingdom",
	"otherkingdom2": "Other Kingdom",
	"perception-u": "Perception",
	"perception-r-txt": "Perception Roll",
	"persuade-u": "Persuade",
	"persuade-r-txt": "Persuade Roll",
	"pilotaircraft-u": "Pilot Aircraft",
	"pilotaircraft-r-txt": "Pilot Aircraft Roll",
	"pilotarc-u": "Pilot Arc",
	"pilotarc-r-txt": "Pilot Arc Roll",
	"pilotboat-u": "Pilot Boat",
	"pilotboat-r-txt": "Pilot Boat Roll",
	"physics-u": "Physics",
	"physics-r-txt": "Physics Roll",
	"psychology-u": "Psychology",
	"psychology-r-txt": "Psychology Roll",
	"psychoanalysis-u": "Psychoanalysis",
	"psychoanalysis-r-txt": "Psychoanalysis Roll",
	"readandwritelang1": "Read & Write Lang.",
	"readandwritelang2": "Read & Write Lang.",
	"religion-u": "Religion",
	"repair/devise-u": "Repair/Devise",
	"ride-u": "Ride",
	"ride-r-txt": "Ride Roll",
	"ride_ow-u": "Ride",
	"rope_use_ow-u": "Rope Use",
	"scavenge-u": "Scavenge",
	"security-u": "Security",
	"security-r-txt": "Security Roll",
	"singing-u": "Singing",
	"singing-r-txt": "Singing Roll",
	"sleightofhand-u": "Sleight of Hand",
	"sleightofhand-r-txt": "Sleight of Hand Roll",
	"sleight_of_hand_da": "Sleight of Hand",
	"slicing-u": "Slicing",
	"slicing-r-txt": "Slicing Roll",
	"spirit_lore-u": "Spirit Lore",
	"spirit_lore-r-txt": "Spirit Lore Roll",
	"spothidden-u": "Spot Hidden",
	"spothidden-r-txt": "Spot Hidden Roll",
	"stealth-u": "Stealth",
	"stealth-r-txt": "Stealth Roll",
	"survival_wilderness-u": "Survival (Wilderness)",
	"survival_wilderness-r-txt": "Survival (Wilderness) Roll",
	"survival_urban-u": "Survival (Urban)",
	"survival_urban-r-txt": "Survival (Urban) Roll",
	"survival-u": "Survival",
	"survival-r-txt": "Survival (Wilderness) Roll",
	"streetwise-u": "Streetwise",
	"streetwise-r-txt": "Streetwise Roll",
	"swim_da-u": "Swim",
	"veil_lore-u": "Veil Lore",
	"veil_lore-r-txt": "Veil Lore Roll",
	"athletics-u": "Athletics",
	"athletics-r-txt": "Athletics Roll",
	"coordination-u": "Coordination",
	"coordination-r-txt": "Coordination Roll",
	"swim-u": "Swim",
	"swim-r-txt": "Swim Roll",
	"techrepair-u": "Tech. Repair",
	"throw-u": "Throw",
	"throw-r-txt": "Throw Roll",
	"unarmed-u": "Unarmed",
	"unarmed-r-txt": "Unarmed Roll",
	"throw_da-u": "Throw",
	"track-u": "Track",
	"track-r-txt": "Track Roll",
	"trap-u": "Trap",
	"otherskills-u": "Other Skills:",
	"firearms(varies)-u": "Firearms(Varies)",
	"art/craft-u": "Art/Craft",
	"hypnosis-u": "Hypnosis",
	"artillery-u": "Artillery",
	"background_veilhaven_attendant_quote-u": "&ldquo;We were never alone, not really. Just waiting for the right door to open.&rdquo; — Sirel Nov, Haven-Ward of Level 12 ",
	"background_veilhaven_attendant-u": "Raised inside a Veilhaven, you were surrounded by faces both new and ancestral. You were taught the old ways, the sacred trust of names, and the quiet rituals that keep your people safe. You’ve seen what lies behind the masks—and why they matter.",
	"kin_token-u": "A kin-token — an encoded charm recognized only by those raised in Veilhaven tradition",
	"background_soft_year_drifter_quote-u": "&ldquo;I became a dozen people before I ever figured out which one was mine.&rdquo; — Kala Verrin, Maskwright Apprentice ",
	"background_soft_year_drifter-u": "You grew up on the edge of cities, in shelters and stolen places, trying on forms like borrowed jackets. You learned early how the world looks at you differently depending on what you wear—and how to use that. You became a chameleon not by choice, but by necessity.",
	"mask_journal-u": "A mask journal - pages filled with early personas, sketches, and encoded emotional notes.",
	"background_ghostline_runner_quote-u": "&ldquo;Information is just another identity. And I wear both well.&rdquo; — Alias: &lsquo;Glass&rsquo;, Contract Broker ",
	"background_ghostline_runner-u": "Your first name was sold. Your second was stolen. You grew up embedded in the fringe economy — courier, slicer, infiltrator — trading secrets and masks as currency. You learned to trust code more than people, and vanish when the wrong one came looking.",
	"burner_id_package-u": "A burner ID package — encrypted credentials, a biometric scrambler, and a known safehouse",
	"background_legacy_bearer_quote-u": "&ldquo;This face is older than I am. I carry it for someone who can’t anymore.&rdquo; — Toval Arin, Echo-Caller of Greyhold",
	"background_legacy_bearer-u": "You were chosen to inherit a legacy mask — an identity worn by one who came before. You studied their voice, their movements, their stories. You don’t just wear their face. You carry their memory, and the weight of what it meant to be them",
	"legacy_ritual_item-u": "A ritual item linked to your inherited mask — an old ring, favored scent vial, or memory-laced token",
	"background_break_faced_radical_quote-u": "&ldquo;You say I’m dangerous because I want to be seen. I say you’re dangerous because you don’t.&rdquo; — Myre, Voice of the Fifth Unmasking",
	"background_break_faced_radical-u": "You were raised among the Unmasked — a faction that believes hiding is just another kind of prison. You’ve lived openly before, and you’ve seen the cost. But you’d rather face hatred than erase yourself. Your voice is loud, your mask is thin, and your fire runs deep.",
	"digital_mask_manifest-u": "A digital mask manifest — a public record of one of your past identities, still active in the system.",
	"background_horn_carved_wanderer_quote-u": "&ldquo;Our map is memory. Our compass is the wind.&rdquo; —Jaya Senn, Pathkeeper of Clan Varn",
	"background_horn_carved_wanderer-u": "You were born beneath endless sky and shifting moons, part of a clan that never settled. Every hill had a name. Every step was history. You learned to track storms, read the stars, and listen for the pulse of the land.",
	"clan_ritual_token-u": "A horn carving representing your rite of passage — etched by your hand, or someone you lost.",
	"background_spiritbound_techshaper_quote-u": "&ldquo;If a spirit wants a body, I’ll build one. If it wants freedom...that’s harder.&rdquo; —Neshri, RAM-Binder",
	"background_spiritbound_techshaper-u": "Born to walk two worlds — metal and memory — you were marked by innovation and instinct. While others feared your gifts, your clan gave you tools instead of chains. You speak to circuits and spirits alike.",
	"ram_shell_unfinished-u": " A partially bonded RAM shell or unfinished familiar — a spirit-chassis waiting for purpose.",
	"background_tradition_keeper_quote-u": "&ldquo;The land sings in quiet voices. If you can’t hear them, you’ve strayed too far.&rdquo; — Elder Myrren",
	"background_tradition_keeper-u": "You were shaped by sacred rhythms — ritual, memory, and reverence. Others forgot the old oaths. Your clan did not. You carry the lore of spirits and soil not as superstition, but as survival",
	"rite_of_passage_horn-u": "A ritual token passed through clan hands — a horn etching, vine-bound charm, or ancestral tattoo woven into your skin.",
	"background_forgeblood_scavenger_quote-u": "&ldquo;Nothing is trash until it’s dead. And even then, ask twice.&rdquo; — Drex Tullar, Tinker-Mystic",
	"background_forgeblood_scavenger-u": "You grew up among ruin-seekers and junk-scribes — those who see beauty in rust and stories in salvage. You learned the sacred art of patchwork survival, and that even broken things can be sacred.",
	"salvaged_veil_artifact-u": "A salvaged artifact with emotional or experimental value—a Veil-scarred tool, shattered drone, or copper-burned talisman.",
	"background_urban_tread_quote-u": "&ldquo;The Wilds are honest. Cities lie with neon smiles.&rdquo; — &lsquo;Grin,&rsquo; rooftop runner",
	"background_urban_tread-u": "Your clan adapted to steel and signal. Raised in the city’s hidden layers, you learned to survive through speed, instinct, and the rhythm of boots on broken concrete. You read alleys like others read maps",
	"repurposed_clan_token-u": " A worn clan token, repurposed as jewelry or tech — a charm ring, clan-burned magplate, or old totem strung on copper wire.",
	"background_scavsteel_whelp_quote-u": "&ldquo;Hard part isn’t finding the parts. It’s remembering why you needed them in the first place.&rdquo; — Pryce &lsquo;Wirejaw&rsquo; Kethel, deckrunner of Tier 9",
	"background_scavsteel_whelp-u": "You were born in the shadow of scrap towers and arc-flicker salvage yards, where every broken panel might spark a miracle. Your hands knew rust before soap, and your first tools were stolen, gifted, or bartered in desperation. You see potential in ruin — and utility in everything else.",
	"trusted_toolset-u": "A trusted toolset",
	"modded_wearable-u": "or a modded wearable passed down, built, or looted during your youth",
	"background_enclave_born_quote-u": "&ldquo;Clean air, clean hands, clean lies.&rdquo; — Riss Vonn, former Corezone candidate",
	"background_enclave_born-u": "You were raised behind walls — not always golden, but high enough to keep the world out. Whether it was a corporate childcare ward, an academic arcology, or the glass corridors of a firstborn citizen tier, you learned the value of reputation, compliance, and how to ask for what you want with a smile sharp enough to draw blood.",
	"pristine_id_code_uptier_zone-u": "A pristine ID code from your original home zone, and access to a 15 XP Ally or Contact",
	"background_gutterfire_youth_quote-u": "&ldquo;They called it crime. I called it breakfast.&rdquo;— Avi Jex, slicer-for-hire",
	"background_gutterfire_youth-u": "You didn’t climb the ladder — you slipped between the rungs. Raised on the fringe or beneath the mid-tier plates, you survived by instinct, bluff, and running fast when things went loud. You learned which lights meant danger, and which shadows meant home.",
	"personal_survival_kit-u": "A personal survival kit — lock bypass tool, emergency stim, or burner credential chip",
	"background_outpost_raised_quote-u": "&ldquo;Sand. Silence. A shotgun and a solar still. That’s childhood.&rdquo; — Mika Alren, circuit-runner of the Dustline",
	"background_outpost_raised-u": "You were born far from the towers — in a frontier hold, dustfarm, or fringe commune where the only thing colder than the nights was the silence between screams. You learned to shoot before you learned to barter, and to fix things before asking for help.",
	"outpost_keepsake-u": "A keepsake from your outpost — an old revolver, patched cloak, or radio etched with prayercode",
	"background_data_hatched_quote-u": "&ldquo;Born from bandwidth. Raised by protocols.&rdquo; — Syn9, registered dentity cluster",
	"background_data_hatched-u": "You weren’t born in any traditional sense. Whether from a surrogate vat, a legacy AI caretaking cluster, or a sealed knowledge enclave, your early life was filtered through data, structured routines, and synthesized learning. You think in maps, modules, and risk equations—rarely in trust.",
	"memory_shard-u": "An encoded memory shard",
	"ai_record-u": "or an AI-generated record of your early identity—real or fictional",
	"background_ash_war_refugee_quote-u": "&ldquo;Some things can’t be fixed. But they can be outrun.&rdquo; — Nara Dell, trauma medic",
	"background_ash_war_refugee-u": "You came from a place that doesn’t exist anymore. A war zone, collapsed sector, or buried city. You lost things early — family, home, maybe even your name—but you clawed forward anyway. Now you carry that weight like armor, and you never stop moving.",
	"faded_token_of_past-u": "A faded token of your past — half a locket, melted ID chip, or tattoo burned into new skin",
	"background_whisper_walker_quote-u": "&ldquo;Some walk roads. Others follow echoes.&rdquo; — Sister Aveline, Zureth’Kai Diviner",
	"background_whisper_walker-u": "You were raised in the outer enclaves of Lyranni society, where silence is sacred and the Veil hums beneath every breath. You learned to listen to what others couldn’t—and follow paths no one else could see.",
	"veilmark_living-sigil-u": "A Veilmark — a living sigil that faintly reacts to arcane or spiritual anomalies.",
	"background_zurethkai_flameborn_quote-u": "&ldquo;Tradition is just peer pressure from the dead.&rdquo; — Auralys Venth, Flameborn Artisan",
	"background_zurethkai_flameborn-u": "Born of rebellion, you grew up around rogue tech-shamans, ArcNet engineers, or Veil-disrupting visionaries. You were taught to question sacred texts—and rewrite them in code or flame.",
	"symbolic_magitech_mod-u": "A symbolic magitech mod—chroma filament, glow-ink, or data-vein etching (cosmetic only).",
	"background_aelvareth_devotee_quote-u": "&ldquo;The path is not easy. But it leads home.&rdquo; — Scribe-Keeper Saelien",
	"background_aelvareth_devotee-u": "You were raised in the ceremonial houses of Ael’Vareth — homes of ritual, silence, and sacred continuity. Your early life was shaped by ink-sealed truths and generations of coded reverence.",
	"aelvareth_veilmark-u": "A ceremonial Veilmark, sacred to the Ael’Vareth tradition",
	"background_echoborne_quote-u": "&ldquo;You hear echoes of greatness. The question is—will you rise to match them?&rdquo; — High Scribe Relan, House Archivist",
	"background_echoborne-u": "Descended from a bloodline of Veilwalkers, court mystics, or archivists, your presence carries weight. Whether earned or inherited, you are a reminder of power long woven into lineage.",
	"ancestral_veilmark-u": "An ancestral Veilmark recognized by those versed in Lyranni history",
	"background_glide_spire_scion_quote-u": "&ldquo;Don’t let the silk fool you. I know which fork goes where — and which wrist to cut.&rdquo; —Elara Kade, Cultural Icon",
	"background_glide_spire_scion-u": "Raised in a cliffside arcology, you moved effortlessly between etiquette and survival. You learned to slip through conversation like a dancer — poised, precise, and prepared for the unexpected",
	"veil_threaded_accessory-u": "A Veil-threaded accessory — a wrap or pendant bearing minor cosmetic enchantment.",
	"trained_skills-u": "Trained Skills (5 of 7)",
	"starting_item-u": "Starting Item",
	"starting_talents-u": "Starting Talents (Pick 1)",
	"second_skin-u": "Second Skin",
	"reflexive_shift-u": "Reflexive Shift",
	"grace_of_the_many-u": "Grace of the Many",
	"maskwrights_grace-u": "Maskwright's Grace",
	"whisper_touched-u": "Whisper Touched",
	"social_chameleon-u": "Social Chameleon",
	"ghost_protocol-u": "Ghost Protocol",
	"shaped_for_subtlety-u": "Shaped for Subtlety",
	"echoed_voice-u": "Echoed Voice",
	"spirits_in_stone-u": "Spirits in Stone",
	"clan_blooded-u": "Clan Blooded",
	"iron_stomach-u": "Iron Stomach",
	"scavengers_edge-u": "Scavenger's Edge",
	"trailborn_reflexes-u": "Trailborn Reflexes",
	"urban_climber-u": "Urban Climber",
	"gutter_stalker-u": "Gutter Stalker",
	"quick_fixer-u": "Quick Fixer",
	"hard_lesson-u": "Hard Lesson",
	"skilled_focus-u": "Skilled Focus",
	"voice-u": "Voice",
	"voice-r-txt": "Voice Roll",
	"social_versatility-u": "Social Versatility",
	"instinct_over_training-u": "Instinct Over Training",
	"battle_tested_gut-u": "Battle-Tested Gut",
	"no_stranger_to_pain-u": "No Stranger to Pain",
	"sleight_of_hand-u": "Sleight of Hand",
	"recitation-u": "Recitation",
	"makeshift_medic-u": "Makeshift Medic",
	"social_ghost-u": "Social Ghost",
	"echo_in_the_veins-u": "Echo in the Veins",
	"legacy_spark-u": "Legacy Spark",
	"aether_override-u": "Aether Override",
	"veil_blooded_sense-u": "Veil-Blooded Sense",
	"threadwalker-u": "Threadwalker",
	"veilsight-u": "Veilsight",
	"character_ledger-u": "Character Ledger",
	"ledger-u": "Ledger",
	"skill_point_tracker-u": "Skill Point Tracker",
	"xp_point_tracker-u": "XP Point Tracker",
	"medical-u": "Medical",
	"items-u": "Items",
	"items-appl-u": "Items w/Applications",
	"item_name-u": "Item Name",
	"item_quantity-u": "Qty",
	"quantity-u": "Qty",
	"uses-u": "# Uses",
	"used-u": "# Used",
	"uses_scene-u": "# Scene",
	"used_scene-u": "# Used",
	"uses_session-u": "# Sess.",
	"used_session-u": "# Used",
	"short_description-u": "Short Description",
	"item_short_description-u": "Short Description",
	"item_properties-u": "Properties",
	"ct_name-u": "Cyberware/Tech Name",
	"ct_vitality-u": "Vitality",
	"ct_level-u": "Level",
	"ct_capacity-u": "Capacity",
	"ct_description-u": "Description",
	"ct_mod_name-u": "Mod Name",
	"ct_mod_capreq-u": "Cap. Req.",
	"ct_mod_requirements-u": "Requirements",
	"ct_mod_effects": "Effects",
	"language(other)-u": "Other",
	"language_other-r-txt": "Language(Other) Roll",
	"computermaint_ic-u": "Computer Maint.",
	"pilot-u": "Pilot",
	"readlips-u": "Read Lips",
	"science-u": "Science",
	"fighting(varies)-u": "Fighting(Varies)",
	"sciknow-u": "Science/Knowledge",
	"techcyber-u": "Tech/Cyber",
	"sysops-u": "SysOps",
	"zerog_ic-u": "Zero-G",
	"backgrounds-u": "Backgrounds",
	"background-u": "Background",
	"talents-u": "Talents",
	"inventory-u": "Inventory",
	"careers-u": "Careers",
	"careers1-u": "Career 1",
	"careers2-u": "Career 2",
	"tier1_talents-u": "Tier 1 - 10 xp",
	"tier2_talents-u": "Tier 2 - 20 xp",
	"tier3_talents-u": "Tier 3 - 30 xp",
	"tier4_talents-u": "Tier 4 - 40 xp",
	"tier1_careers-u": "Tier 1 - 05 xp",
	"tier2_careers-u": "Tier 2 - 10 xp",
	"tier3_careers-u": "Tier 3 - 15 xp",
	"tier4_careers-u": "Tier 4 - 20 xp",
	"tier5_careers-u": "Tier 5 - 30 xp",
	"shield-z": "Shield",
	"head-u": "Head",
	"body-u": "Body",
	"l_arm-u": "L.Arm",
	"chest-u": "Chest",
	"r_arm-u": "R.Arm",
	"l_leg-u": "L.Leg",
	"abdmn-u": "Abdmn",
	"r_leg-u": "R.Leg",
	"item-u": "Item",
	"defence-u": "Defence",
	"weapons-u": "Weapons",
	"combat-u": "Combat",
	"weaponname-u": "Weapon Name",
	"skill-u": "Skill",
	"skill-display-u": "Val",
	"damage-u": "Dam.",
	"range-u": "Range",
	"attacks-u": "Attacks",
	"ammo-u": "Ammo",
	"malf-u": "Malf",
	"constested-u": "Cont",
	"Fighting(Brawl)": "Brawl",
	"Firarms(HG)": "Pistol",
	"Firarms(SMG)": "Submachine Guns",
	"Firarms(R/S)": "Rifle/Shotgun",
	"Fighting(Other)": "Fighting(Other)",
	"Firarms(Electr.)": "Firarms(Electr.)",
	"Throw": "Throw",
	"armor-u": "Armor",
	"armor_name-u": "Armor Name",
	"armor_equipped-u": "E",
	"armor_physical-u": "Phys",
	"armor_arcane-u": "Arc.",
	"armor_layer-u": "Layer",
	"armor_category-u": "Category",
	"armor_traits-u": "Traits",
	"spell_name-u": "Spell Name",
	"spell_prepared-u": "P",
	"spell_roll-u": "",
	"spell_skill-u": "Skill",
	"spell_damage-u": "Dam.",
	"spell_concentration-u": "CN/Rds",
	"spell_range-u": "Range",
	"spell_attacks-u": "N/Shape",
	"spell_element-u": "Element",
	"spell_strain-u": "Strain",
	"spell_contested-u": "Cntstd",
	"omnidecks-u": "Omnidecks",
	"omnideck_name-u": "Omnideck Name",
	"omnideck_equipped-u": "E",
	"omnideck_roll-u": "",
	"omnideck_skill-u": "Skill",
	"omnideck_ir-u": "IR",
	"omnideck_mr-u": "MR",
	"omnideck_fr-u": "FR",
	"omnideck_dic-u": "DIC",
	"omnideck_dit-u": "DIT",
	"omnideck_ar-u": "AR",
	"omnideck_prog_slots-u": "PS",
	"omnideck_mod_slots-u": "MS",
	"programs-u": "Programs",
	"program_name-u": "Program Name",
	"program_active-u": "A",
	"program_roll-u": "",
	"program_damage-u": "Dam.",
	"program_effect-u": "Effect",
	"alteri_arcana-u": "Alteri Arcana",
	"alteri_deception-u": "Alteri Deception",
	"alteri_disguise-u": "Alteri Disguise",
	"alteri_history-u": "Alteri History",
	"alteri_persuade-u": "Alteri Persuade",
	"alteri_insight-u": "Alteri Insight",
	"alteri_impersonation-u": "Alteri Impersonation",
	"alteri_slicing-u": "Alteri Slicing",
	"alteri_streetwise-u": "Alteri Streetwise",
	"alteri_stealth-u": "Alteri Stealth",
	"alteri_talent_disguise-u": "Alteri Disguise",
	"alteri_talent_impersonation-u": "Alteri Impersonation",
	"alteri_talent_insight-u": "Alteri Insight",
	"alteri_talent_slicing-u": "Alteri Slicing",
	"alteri_talent_stealth-u": "Alteri Stealth",
	"draevi_athletics-u": "Draevi Athletics",
	"draevi_electronics-u": "Draevi Electronics",
	"draevi_mechanics-u": "Draevi Mechanics",
	"draevi_navigate-u": "Draevi Navigate",
	"draevi_occult-u": "Draevi Occult Lore",
	"draevi_slicing-u": "Draevi Slicing",
	"draevi_spirit_lore-u": "Draevi Spirit Lore",
	"draevi_streetwise-u": "Draevi Streetwise",
	"draevi_survival-u": "Draevi Survival",
	"draevi_veil_lore-u": "Draevi Veil Lore",
	"draevi_talent_electronics-u": "Draevi Electronics",
	"draevi_talent_intimidate-u": "Draevi Intimidate",
	"draevi_talent_mechanics-u": "Draevi Mechanics",
	"draevi_talent_streetwise-u": "Draevi Streetwise",
	"draevi_talent_survival-u": "Draevi Survival",
	"draevi_talent_track-u": "Draevi Track",
	"human_first_aid-u": "Human First Aid",
	"human_insight-u": "Human Insight",
	"human_slicing-u": "Human Slicing",
	"human_etiquette_high_society-u": "Human Etiquette (H. Soc.)",
	"human_persuade-u": "Human Persuade",
	"human_stealth-u": "Human Stealth",
	"human_streetwise-u": "Human Streetwise",
	"human_survival-u": "Human Survival",
	"human_firearms_rifle-u": "Human Rifle/Shotgun",
	"human_electronics-u": "Human Electronics",
	"human_mechanics-u": "Human Mechanics",
	"human_talent_electronics-u": "Human Electronics",
	"human_talent_mechanics-u": "Human Mechanics",
	"human_talent_slicing-u": "Human Slicing",
	"lyranni_arcana-u": "Lyranni Arcana",
	"lyranni_perception-u": "Lyranni Perception",
	"lyranni_occult-u": "Lyranni Occult Lore",
	"lyranni_etiquette_lyranni-u": "Lyranni Etiquette Lyranni",
	"lyranni_persuade-u": "Lyranni Persuade",
	"lyranni_streetwise-u": "Lyranni Streetwise",
	"lyranni_magic_technomancy-u": "Lyranni Magic(Technomancy)",
	"lyranni_slicing-u": "Lyranni Slicing",
	"lyranni_talent_electronics-u": "Lyranni Electronics",
	"lyranni_talent_mechanics-u": "Lyranni Mechanics",
	"lyranni_talent_slicing-u": "Lyranni Slicing",
	"lyranni_talent_insight-u": "Lyranni Insight",
	"lyranni_talent_dance-u": "Lyranni Dance",
	"lyranni_talent_impersonation-u": "Lyranni Impersonation",
	"lyranni_talent_instrument-u": "Lyranni Instrument",
	"lyranni_talent_singing-u": "Lyranni Singing",
	"reset_initialization": "Reset Racial Initialization",
	"racial_bonuses_initialized": "Racial Bonuses Applied",
	"Other Skill #1": "Other Skill #1",
	"Other Skill #2": "Other Skill #2",
	"Other Skill #3": "Other Skill #3",
	"Other Skill #4": "Other Skill #4",
	"Other Skill #5": "Other Skill #5",
	"Other Skill #6": "Other Skill #6",
	"Other Skill #7": "Other Skill #7",
	"Other Skill #8": "Other Skill #8",
	"Other Skill #9": "Other Skill #9",
	"Other Skill #10": "Other Skill #10",
	"spells-u": "Spells",
	"companions&mounts-u": "NPCs",
	"vehicles-u": "Vehicles",
	"cap-u": "Capacity",
	"vehicleattack-u": "Vehicular Impact Attack",
	"vehicleattack_req-u": "Requires Build and Operator's Skill",
	"operatorskill": "Operator's Skill",
	"MountedWeaponSkill": "Mounted Weapon Skill",
	"generalinfo-u": "General Info",
	"cargo-u": "Cargo",
	"passengers-u": "Passengers",
	"san-u": "SAN",
	"HP-z": "HP",
	"MP-z": "MP",
	"armor-z": "Armor",
	"db-z": "DB",
	"bdb-u": "B/DB",
	"damage&db-z": "Dam+DB",
	"dam-z": "Dam",
	"MOV-u": "MOV",
	"skill1": "Skill 1",
	"skill2": "Skill 2",
	"skill3": "Skill 3",
	"skill4": "Skill 4",
	"skill5": "Skill 5",
	"skill6": "Skill 6",
	"skill7": "Skill 7",
	"skill8": "Skill 8",
	"gearandpossessions-u": "Gear and Possessions",
	"cashandassets-u": "Cash and Assests",
	"spendinglevel-u": "Spending Level",
	"cash-u": "Cash",
	"assets-u": "Assets",
	"backstory-u": "Backstory",
	"Personal Description": "Personal Description",
	"Ideology/Beliefs": "Ideology/Beliefs",
	"Significant People": "Significant People",
	"Meaningful Locations": "Meaningful Locations",
	"Treasured Possessions": "Treasured Possessions",
	"Traits": "Traits",
	"Injuries & Scars": "Injuries &amp; Scars",
	"Phobias/Manias": "Phobias/Manias",
	"Tomes, Spells and Artifacts": "Tomes, Spells and Artifacts",
	"Encounters with Strange Entities": "Encounters with Strange Entities",
	"Encounters with Strange Entities-z": "Encounters with Strange Entities",
	"majorwound-z": "M. Wound",
	"editmode-u": "Edit Mode",
	"dicemodifiers-u": "Dice Modifiers",
	"dying-z": "Dying",
	"pulphp-z": "Pulp HP",
	"unarmed-z": "Unarmed",
	"dodge-z": "Dodge",
	"current-mental-condition": "Current Mental Condition",
	"body-hit-location": "Hit Loc.",
	"rolled": "Rolled:",
	"right-leg": "Right Leg",
	"left-leg": "Left Leg",
	"abdomen": "Abdomen",
	"chest": "Chest",
	"right-arm": "Right Arm",
	"left-arm": "Left Arm",
	"head": "Head",
	"downtime-u": "Downtime",
	"scenarioname-u": "Scenario Name",
	"scenarioinfo-u": "Conclusion & Info",
	"scenariorewards-u": "Rewards",
	"bout-of-madness-u-time": "Bout of Madness - Real Time",
	"bout-of-madness-u-summary": "Bout of Madness - Summary",
	"amnesia": "Amnesia:",
	"amnesia-dec": "The investigator has no memory of events that have taken place since they were last in a place of safety.",
	"psychosomatic-disability": "Psychosomatic disability:",
	"psychosomatic-disability-dec": "The investigator suffers psychosomatic blindness, deafness, or loss of the use of a limb or limbs.",
	"violence": "Violence:",
	"violence-dec": "A red mist descends on the investigator and they explode in a spree of uncontrolled violence and destruction directed at their surroundings, allies or foes alike.",
	"paranoia": "Paranoia:",
	"paranoia-dec": "The investigator suffers severe paranoia.",
	"significant-person": "Significant Person:",
	"significant-person-dec": "The investigator mistakes another person in the scene for a Significant Person of theirs.",
	"faint": "Faint:",
	"faint-dec": "The investigator faints.",
	"flee-in-panic": "Flee in Panic:",
	"flee-in-panic-dec": "The investigator is compelled to get as far away as possible by whatever means are available.",
	"physical-hysterics-or-emotional-outburst": "Physical hysterics or emotional outburst:",
	"physical-hysterics-or-emotional-outburst-dec": "The investigator is incapacitated from laughing, crying, screaming, etc.",
	"phobia": "Phobia:",
	"phobia-dec": "The investigator gains a new phobia. Roll 1D100 on Sample Phobias Table (or choose one). Even if the source of the phobia is not present, the investigator imagines it is there.",
	"mania": "Mania:",
	"mania-dec": "The investigator gains a new mania. Roll 1D100 on Sample Manias Table (or choose one). The investigator seeks to indulge in their new mania.",
	"amnesia-dec2": "The investigator comes to their senses in some unfamiliar place with no memory of who they are. Their memories will slowly return to them over time.",
	"robbed": "Robbed:",
	"robbed-dec": "The investigator comes to their senses (1D10) hours later, having been robbed. They are unharmed. If they were carrying a Treasured Possession, make a Luck roll to see if it was stolen. Everything else of value is automatically missing.",
	"battered": "Battered:",
	"battered-dec": "The investigator comes to their senses (1D10) hours later to find themselves battered and bruised. Hit points are reduced to half of what they were before going insane, though this does not cause a Major wound. They have not been robbed. How the damage was sustained is up to the Keeper.",
	"violence-dec2": "The investigator explodes in a spree of violence and destruction. When the investigator comes to their senses, their actions may or may not be apparent or remembered. Who or what the investigator has inflicted violence upon and whether they have killed or simply inflicted harm is up to the Keeper.",
	"ideology-beliefs": "Ideology/Beliefs:",
	"ideology-beliefs-dec": "Review the investigator’s backstory entry for Ideology and Beliefs. The investigator manifests one of these in an extreme, crazed and demonstrative manner.",
	"significant-people": "Significant People:",
	"significant-people-dec": "Consult the investigator’s backstory entry for Significant People and why the relationship is so important. In the time that passes (1D10 hours or more) the investigator has done their best to get close to that person and act upon their relationship in some way.",
	"institutionalized": "Institutionalized:",
	"institutionalized-dec": "The investigator comes to their senses in a psychiatric ward or police cell. They may slowly recall the events that led them there.",
	"flee-in-panic-dec2": "When the investigator comes to their senses they are far away.",
	"phobia-dec2": "The investigator gains a new phobia. Roll 1D100 on Phobias Table or choose one. The investigator comes to their senses (1D10) hours later, having taken every precaution to avoid their new phobia.",
	"mania-dec2": "The investigator gains a new mania. Roll 1D100 on Manias Table or choose one. The investigator comes to their senses (1D10) hours later. During this bout of madness, the investigator will have been fully indulging in their new mania. Whether this is apparent to other people is up to the Keeper and player.",
	"value": "Value:",
	"critical": "Critical",
	"success": "Success",
	"hard": "Hard",
	"extreme": "Extreme",
	"fumble": "Fumble",
	"fail": "Fail",
	"malf": "Malf:",
	"result": "Result:",
	"dam": "Damage:",
	"strain": "Strain",
	"pulp-bout-of-madness-u-time": "Pulp Bout of Madness - Real-Time",
	"crazy-pan": "Crazy Plan:",
	"rage": "Rage:",
	"gloat": "Gloat:",
	"relax": "Relax:",
	"show-off": "Show Off:",
	"alter-ego": "Alter Ego:",
	"pulp-amnesia-dec": "The hero ceases to think of him or herself as a hero, losing the ability to use his or her pulp talents.",
	"pulp-crazy-plan-dec": "The hero pursues an irrational or ill-conceived plan. The plan must either benefit the enemy’s situation or increase the danger for the hero or his or her allies.",
	"pulp-rage-dec": "A red mist descends on the hero and he or she explodes in a spree of uncontrolled violence and destruction directed at their surroundings, allies, or foes alike.",
	"pulp-gloat-dec": "The hero is compelled to boast, gloat, or exclaim their plans aloud.",
	"pulp-relax-dec": "The hero is convinced that the threat is negligible, and he or she sits back and relaxes.",
	"pulp-flee-in-panic-dec": "The hero is compelled to get as far away as possible by whatever means are available, even if it necessitates them taking the only vehicle and leaving everyone else behind.",
	"pulp-show-off-dec": "The hero becomes an attention-seeking maniac, possibly prone to foolhardy acts.",
	"pulp-alter-ego-dec": "The hero’s personality undergoes a complete transformation and is replaced by one completely different. The alter ego is a mirror opposite of the hero.",
	"pulp-phobia-dec": "The hero gains a new phobia. Roll 1D100 on Sample Phobias Table (or choose one). Even if the source of the phobia is not present, the hero imagines it is there.",
	"pulp-mania-dec": "The hero gains a new mania. Roll 1D100 on Sample Manias Table (or choose one). The hero seeks to indulge in their new mania.",
	"pulp-bout-of-madness-u-summary": "Pulp Bout of Madness - Summary",
	"institutionalized-or-apprehended": "Institutionalized or Apprehended:",
	"pulp-amnesia-dec2": "The hero comes to their senses in some unfamiliar place, with no memory of who they are and lacking any of their pulp talents. Their memories slowly return to them over time. Their pulp talents only return in a time of crisis. In this case, a crisis is defined as someone’s life being endangered. When someone’s life is threatened, the hero should make a Luck roll; if successful, their talents return. If unsuccessful they may try again in 1D10 rounds.",
	"pulp-robbed-dec": "The hero comes to their senses (1D10) hours later, having been robbed. They are unharmed. If they were carrying a Treasured Possession (per their backstory), make a Luck roll to see if it was stolen. Everything else of value is automatically missing.",
	"pulp-battered-dec": "The hero comes to their senses (1D10) hours later to find themselves battered and bruised. Hit points are reduced to half of what they were before going insane. They have not been robbed. How the damage was sustained is up to the Keeper.",
	"pulp-violence-dec2": "The hero explodes in a spree of violence and destruction. When the hero comes to their senses, their actions may or may not be apparent or remembered. Who or what the hero has inflicted violence upon, and whether they have killed or only inflicted harm, is up to the Keeper.",
	"pulp-ideology-beliefs-dec": "Review the hero’s backstory entry for Ideology and Beliefs. The hero manifests one of these in an extreme, crazed, and demonstrative manner. A common outcome is some variant of megalomania, whereby the hero’s talents and beliefs begin to corrupt their humanity and sense of right and wrong.",
	"pulp-significant-people-dec": "Consult the hero’s backstory entry for Significant People and why the relationship is so important. In the time that passes (1D10 hours or more) the hero has done their best to get close to that person and act upon their relationship in some way.",
	"pulp-institutionalized-or-apprehended-dec": "The hero comes to their senses in a high-security psychiatric ward, police cell or under captivity. They may slowly recall the events that led them there.",
	"pulp-flee-in-panic-dec2": "When the hero comes to their senses, they are far away, perhaps somewhere noteworthy or lost. How they reached the location is unknown to them.",
	"pulp-phobia-dec2": "The hero gains a new phobia. Roll 1D100 on Phobias Table or choose one. The hero comes to their senses (1D10) hours later, having taken every precaution to avoid their new phobia.",
	"pulp-mania-dec2": "The hero gains a new mania. Roll 1D100 on Manias Table or choose one. The hero comes to their senses (1D10) hours later. During this bout of madness, they will have been fully indulging in their new mania. Whether this is apparent to other people is up to the Keeper and player.",
	"delusion-da-dec": "The Investigator sees things that are not real, but is unable to tell truth from hallucination.",
	"delusion-da": "Delusion:",
	"shackled-da": "Shackled:",
	"delusion-da-dec2": "The investigator has been profoundly affected by a hallucination, causing them to undertake some form action. Perhaps they have dug a deep pit and are now hiding in it, or barricaded themselves within a hut.",
	"flee-in-panic-da-dec2": "When the investigator comes to their senses they are far away, perhaps lost in the wilderness or hammering on a door demanding to be let inside.",
	"shackled-da-dec": "The investigator, raving and talking in strange tongues, has been captured and put in shackles or imprisoned in some manner."
}