{
	"1920-skill-list":"accounting,anthropology,appraise,archaeology,charm,climb,creditrating,cthulhumythos,disguise,dodge,driveauto,elecrepair,fasttalk,fighting(brawl),firearms(hg),firearms_rifle,firstaid,history,intimidate,jump,language(own),law,libraryuse,listen,locksmith,mechrepair,medicine,naturalworld,navigate,occult,ophvmachine,persuade,psychoanalysis,psychology,ride,sleightofhand,spothidden,stealth,swim,throw,track",
	"invictus-skill-list":"accounting,animalhandling,appraise,artandcraft1,artandcraft2,charm,civics,climb,cthulhumythos,disguise,dodge,drivewagon,empire,fasttalk,fighting(brawl),fightspec1,fightspec2,fightspec3,firstaid,insight,intimidate,jump,language(own),libraryuse,listen,medicine,naturalworld,navigate,occult,otherkingdom1,otherkingdom2,otherlanguage1,otherlanguage2,persuade,pilotboat,readandwritelang1,readandwritelang2,repair/devise,ride,shield,sleightofhand,spothidden,status,stealth,swim,throw,track",
	"modern-skill-list":"archery,dodge,gunnery,heavy_weapons,melee_weapons,firearms(hg),firearms_rifle,firearms_s_m_g,throw,unarmed,magic_alteration,magic_elemental,magic_enchantment,magic_illusion,magic_necromancy,magic_restoration,magic_summoning,magic_technomancy,magic_warding,magic_universal,language(own),language(caltheran),athletics,coordination,swim,driveauto,drone_operation,pilotaircraft,pilotboat,alchemy,anthropology,arcana,archaeology,architecture,biology,chemistry,engineering,forbidden_lore,history,law,medicine,naturalworld,occult,physics,spirit_lore,veil_lore,bureaucracy,charm,dance,deception,disguise,etiquette_high_society,etiquette_lyranni,etiquette_other,impersonation,insight,instrument,intimidate,interrogation,persuade,singing,streetwise,animalhandling,first_aid,listen,navigate,perception,sleightofhand,stealth,survival,track,archanotech,computeruse,cybernetics,demolitions,electronics,mechanics,security,slicing",
	"dark-ages-skill-list":"accounting,animalhandling,appraise,artandcraft1,artandcraft2,charm,climb,cthulhumythos,disguise,dodge,drivewagon,fasttalk,fighting(brawl),fightspec1,fightspec2,fightspec3,firstaid,insight,intimidate,jump,language(own),libraryuse,listen,locksmith,medicine,naturalworld,navigate,occult,otherkingdom1,otherkingdom2,otherlanguage1,otherlanguage2,ownkingdom,persuade,pilotboat,readandwritelang1,readandwritelang2,religion,repair/devise,ride,shield,sleightofhand,spothidden,status,stealth,swim,throw,track",
	"old-west-skill-list":"accounting,animalhandling,anthropology,appraise,archaeology,artandcraft,charm,climb,creditrating,cthulhumythos,disguise,dodge,drivewagon,elecrepair,fasttalk,fighting(brawl),fightingother,firearms(hg),firearms_rifle,firearmsother,firstaid,gambling,history,intimidate,jump,language(other),language(own),law,libraryuse,listen,locksmith,mechrepair,medicine,naturalworld,navigate,occult,ophvmachine,persuade,psychology,ride,ropeuse,sleightofhand,spothidden,stealth,swim,throw,track,trap",
	"icarus-skill-list":"accounting,appraise,archaeology,artandcraft,charm,climb,computermaint,creditrating,cthulhumythos,demolitions,dodge,driveauto,elecrepair,electronics,fasttalk,fighting(brawl),firearms(hg),firearms_rifle,firearmselectr,firstaid,history,intimidate,jump,language(own),law,libraryuse,listen,locksmith,mechrepair,medicine,naturalworld,navigate,occult,ophvmachine,persuade,psychoanalysis,psychology,readlips,sleightofhand,spothidden,stealth,sysops,techrepair,throw,track,zerog",
	"end-of-times-skill-list":"animalhandling,appraise,artandcraft,charm,climb,computeruse,cthulhumythos,disguise,dodge,drive,elecrepair,fasttalk,fighting(brawl),fightingother,firearms(hg),firearms_rifle,firearms_s_m_g,firstaid,history,intimidate,jump,language(other),language(own),libraryuse,listen,locksmith,mechrepair,medicine,naturalworld,navigate,occult,ophvmachine,persuade,psychology,ride,scavenge,sleightofhand,spothidden,status,stealth,swim,techrepair,throw,track",
	"investigatorinfo-u": "Ghost Info",
	"talent-summary": "Talents Summary",
	"heroinfo-u": "Hero Info",
	"name-u": "Name",
	"player-u": "Player",
	"occupation-u": "Occupation",
	"archetype-u": "Archetype",
	"age-u": "Age",
	"sex-u": "Sex",
	"residence-u": "Residence",
	"birthplace-u": "Birthplace",
	"characteristics-u": "Characteristics",
	"STR-u": "STR",
	"STR-r-txt": "STR Roll",
	"DEX-u": "DEX",
	"DEX-r-txt": "DEX Roll",
	"POW-u": "POW",
	"POW-r-txt": "POW Roll",
	"CON-u": "CON",
	"CON-r-txt": "CON Roll",
	"APP-u": "APP",
	"APP-r-txt": "APP Roll",
	"EDU-u": "EDU",
	"EDU-r-txt": "EDU Roll",
	"SIZ-u": "SIZ",
	"SIZ-r-txt": "SIZ Roll",
	"INT-u": "INT",
	"INT-r-txt": "INT Roll",
	"MAG-u": "MAG",
	"MAG-r-txt": "MAG Roll",
	"Move rate-u": "Move rate",
	"Move rate-r-txt": "Move rate Roll",
	"arcane_capacity-u": "Arc. Cap.",
	"arcane_capacity-r-txt": "Arcane Capacity Roll",
	"total_skill_points_spent-u": "Skill Points",
	"total_attr_points_spent-u": "Attr Points",
	"career-u": "Career",
	"other-u": "Other",
	"status-u": "Status",
    "spellname-u": "Spell Name",
    "cost-u": "Cost",
    "castime-u": "Casting Time",
    "prepared-u": "Prepared",
	"extreme-damage": "Max Dam:",
	"race-u": "Race",
	"spenders-u": "Spenders",
    "on-u": "Yes",
    "off-u": "No",
    "description-u": "Description",
    "HP-u": "Hit Points",
	"HP-r-txt": "Hit Points Roll",
	"current": "current",
	"majorwound-u": "Major Wound",
	"pulphp-u": "Pulp HP",
	"luck-u": "Luck",
	"luck-r-txt": "Luck Roll",
	"damagebonus-u": "Damage Bonus",
	"None": "None",
	"build-u": "Build",
	"sanity-u": "Sanity",
	"4/5-u": "4/5",
	"pulp-z": "Pulp",
	"sanity-r-txt": "Sanity Roll",
	"start": "start",
	"current-u": "current",
	"max-u": "max",
	"tempinsane-u": "Temp. Insane",
	"indefinsane-u": "Indef. Insane",
	"bouts-of-madness-u": "Bouts of Madness",
	"pulp-bouts-of-madness-u": "Pulp Bouts of Madness",
	"bom-real-time": "Real-Time",
	"bom-summary": "Summary",
	"stable": "Stable",
	"strain-u": "Strain",
	"strain-z": "Strain",
	"vitality-u": "Vitality",
	"dicerolls-u": "Dice Rolls",
	"custom-u": "Custom",
	"investigatorskills-u": "Skills",
	"accounting_da-u": "Accounting(10%)",
	"animalhandling_da-u": "Animal Handling(15%)",
	"animalhandling_mdr-u": "Animal Handling(05%)",
	"accounting-u": "Accounting(05%)",
	"accounting-r-txt": "Accounting Roll",
	"animalhandling-u": "Animal Handling(05%)",
	"animalhandling-r-txt": "Animal Handling Roll",
	"alchemy-u": "Alchemy(01%)",
	"alchemy-r-txt": "Alchemy Roll",
	"anthropology-u": "Anthropology(01%)",
	"anthropology-r-txt": "Anthropology Roll",
	"appraise-u": "Appraise(05%)",
	"appraise-r-txt": "Appraise Roll",
	"appraise_et-u": "Appraise(10%)",
	"appraise_ic-u": "Appraise(15%)",
	"arcana-u": "Arcana(05%)",
	"arcana-r-txt": "Arcana Roll",
	"archaeology-u": "Archaeology(01%)",
	"archaeology-r-txt": "Archaeology Roll",
	"archanotech-u": "Archanotech(01%)",
	"archanotech-r-txt": "Archanotech Roll",
	"archery-u": "Archery(10%)",
	"archery-r-txt": "Archery Roll",
	"architecture-u": "Architecture(01%)",
	"architecture-r-txt": "Architecture Roll",
	"artandcraft-u": "Art & Craft(05%)",
	"artandcraft1": "Art and Craft 1",
	"artandcraft2": "Art and Craft 2",
	"biology-u": "Biology(01%)",
	"biology-r-txt": "Biology Roll",
	"bureaucracy-u": "Bureaucracy(05%)",
	"bureaucracy-r-txt": "Bureaucracy Roll",
	"chemistry-u": "Chemistry(01%)",
	"chemistry-r-txt": "Chemistry Roll",
	"chant-u": "Chant(05%)",
	"chant-r-txt": "Chant Roll",
	"charm-u": "Charm(15%)",
	"charm-r-txt": "Charm Roll",
	"civics-u": "Civics(10%)",
	"climb-u": "Climb(20%)",
	"climb-r-txt": "Climb Roll",
	"status-u": "Stat",
	"computeruse-u": "Computer Use(10%)",
	"computeruse-r-txt": "Computer Use Roll",
	"creditrating-u": "Credit Rating(00%)",
	"creditrating-r-txt": "Credit Rating Roll",
	"cthulhumythos-u": "Cthulhu Mythos(00%)",
	"cthulhumythos-r-txt": "Cthulhu Mythos Roll",
	"cybernetics-u": "Cybernetics(01%)",
	"cybernetics-r-txt": "Cybernetics Roll",
	"dance-u": "Dance(05%)",
	"dance-r-txt": "Dance Roll",
	"deception-u": "Deception(05%)",
	"deception-r-txt": "Deception Roll",
	"demolitions-u": "Demolitions(01%)",
	"demolitions-r-txt": "Demolitions Roll",
	"disguise-u": "Disguise(05%)",
	"disguise-r-txt": "Disguise Roll",
	"dodge-u": "Dodge(DEX/2)",
	"dodge-r-txt": "Dodge Roll",
	"drivewagon-u": "Drive Wagon(20%)",
	"driveauto-u": "Drive Auto(20%)",
	"driveauto-r-txt": "Drive Auto Roll",
	"drone_operation-u": "Drone Operation(10%)",
	"drone_operation-r-txt": "Drone Operation Roll",
	"drive-u": "Drive(20%)",
	"elecrepair-u": "Elec Repair(10%)",
	"elecrepair-r-txt": "Elec Repair Roll",
	"elecrepair_ow-u": "Elec. Repair(00%)",
	"electronics-u": "Electronics(10%)",
	"electronics-r-txt": "Electronics Roll",
	"empire-u": "Empire(25%)",
	"engineering-u": "Engineering(01%)",
	"engineering-r-txt": "Engineering Roll",
	"etiquette_high_society-u": "Etiquette(H. Soc.)(10%)",
	"etiquette_high_society-r-txt": "Etiquette(High Society) Roll",
	"etiquette_lyranni-u": "Etiquette(Lyranni)(10%)",
	"etiquette_lyranni-r-txt": "Etiquette(Lyranni) Roll",
	"etiquette_other-u": "Etiquette(Other)(10%)",
	"etiquette_other-r-txt": "Etiquette(Other) Roll",
	"fasttalk-u": "Fast Talk(05%)",
	"fasttalk-r-txt": "Fast Talk Roll",
	"fighting(brawl)-u": "Brawl(25%)",
	"fighting_brawl-r-txt": "Brawl Roll",
	"fightspec1": "Fighting(Other) #1",
	"fightspec2": "Fighting(Other) #2",
	"fightspec3": "Fighting(Other) #3",
	"shield-u": "Shield(15%)",
	"fighting_other-u": "Fighting(Other)",
	"firearms(hg)-u": "Pistol(20%)",
	"firearms_hg-r-txt": "Pistol Roll",
	"firearms_rifle-u": "Rifle/Shotgun(25%)",
	"firearms_rifle-r-txt": "Rifle/Shotgun Roll",
	"firearms_s_m_g-u": "Submachine Gun(15%)",
	"firearms_smg-r-txt": "Submachine Gun Roll",
	"firearms_other-u": "Firearms(Other)",
	"firearms_electr-u": "Firearms(Electr.)(25%)",
	"firstaid-u": "First Aid(30%)",
	"firstaid-r-txt": "First Aid Roll",
	"first_aid-u": "First Aid(30%)",
	"first_aid-r-txt": "First Aid Roll",
	"forbidden_lore-u": "Forbidden Lore(0%)",
	"forbidden_lore-r-txt": "Forbidden Lore Roll",
	"forgery-u": "Forgery(01%)",
	"forgery-r-txt": "Forgery Roll",
	"gambling-u": "Gambling(10%)",
	"gunnery-u": "Gunnery(10%)",
	"gunnery-r-txt": "Gunnery Roll",
	"heavy_weapons-u": "Heavy Weapons(10%)",
	"heavy_weapons-r-txt": "Heavy Weapons Roll",
	"history-u": "History(05%)",
	"history-r-txt": "History Roll",
	"impersonation-u": "Impersonation(05%)",
	"impersonation-r-txt": "Impersonation Roll",
	"insight-da": "Insight(05%)",
	"insight-u": "Insight(10%)",
	"insight-r-txt": "Insight Roll",
	"instrument-u": "Instrument(05%)",
	"instrument-r-txt": "Instrument Roll",
	"intimidate-u": "Intimidate(15%)",
	"intimidate-r-txt": "Intimidate Roll",
	"interrogation-u": "Interrogation(05%)",
	"interrogation-r-txt": "Interrogation Roll",
	"investigation-u": "Investigation(10%)",
	"investigation-r-txt": "Investigation Roll",
    "initiative-u": "Init",
	"jump_da-u": "Jump(25%)",
	"jump-u": "Jump(20%)",
	"jump-r-txt": "Jump Roll",
	"language(own)-u": "Racial(75%)",
	"language_own-r-txt": "Language(Own) Roll",
	"language(caltheran)-u": "Caltheran(EDU)",
	"language_caltheran-r-txt": "Language(Caltheran) Roll",
	"otherlanguage1": "Language(Other)(01%)",
	"otherlanguage2": "Language(Other)(01%)",
	"law-u": "Law(05%)",
	"law-r-txt": "Law Roll",
	"libraryuse-u": "Library Use(20%)",
	"libraryuse-r-txt": "Library Use Roll",
	"libraryuse_da-u": "Library Use(05%)",
	"listen_da-u": "Listen(25%)",
	"listen-u": "Listen(20%)",
	"listen-r-txt": "Listen Roll",
	"listen_mdr-u": "Listen(20%)",
	"locksmith-u": "Locksmith(01%)",
	"locksmith-r-txt": "Locksmith Roll",
	"magic_alteration-u": "Alteration(0%)",
	"magic_alteration-r-txt": "Magic(Alteration) Roll",
	"magic_elemental-u": "Elemental(0%)",
	"magic_elemental-r-txt": "Magic(Elemental) Roll",
	"magic_enchantment-u": "Enchantment(0%)",
	"magic_enchantment-r-txt": "Magic(Enchantment) Roll",
	"magic_illusion-u": "Illusion(0%)",
	"magic_illusion-r-txt": "Magic(Illusion) Roll",
	"magic_necromancy-u": "Necromancy(0%)",
	"magic_necromancy-r-txt": "Magic(Necromancy) Roll",
	"magic_restoration-u": "Restoration(0%)",
	"magic_restoration-r-txt": "Magic(Restoration) Roll",
	"magic_summoning-u": "Summoning(0%)",
	"magic_summoning-r-txt": "Magic(Summoning) Roll",
	"magic_technomancy-u": "Technomancy(0%)",
	"magic_technomancy-r-txt": "Magic(Technomancy) Roll",
	"magic_warding-u": "Warding(0%)",
	"magic_warding-r-txt": "Magic(Warding) Roll",
	"magic_universal-u": "Universal(0%)",
	"magic_universal-r-txt": "Magic(Universal) Roll",
	"mech_repair-u": "Mech Repair(10%)",
	"mech_repair-r-txt": "Mech Repair Roll",
	"mechanics-u": "Mechanics(10%)",
	"mechanics-r-txt": "Mechanics Roll",
	"mechrepair-u": "Mechrepair(10%)",
	"mechrepair-r-txt": "Mechrepair Roll",
	"medicine-u": "Medicine(01%)",
	"medicine-r-txt": "Medicine Roll",
	"melee_weapons-u": "Melee Weapons(20%)",
	"melee_weapons-r-txt": "Melee Weapons Roll",
	"naturalworld-u": "Natural World(10%)",
	"naturalworld-r-txt": "Natural World Roll",
	"naturalworld_da-u": "Natural World(20%)",
	"naturalworld_et-u": "Natural World(20%)",
	"navigate-u": "Navigate(10%)",
	"navigate-r-txt": "Navigate Roll",
	"occult-u": "Occult Lore(05%)",
	"occult-r-txt": "Occult Roll",
	"ophvmachine-u": "Op Hv Machine(01%)",
	"ophvmachine-r-txt": "Op Hv Machine Roll",
	"ownkingdom_da-u": "Own Kingdom(20%)",
	"otherkingdom1": "Other Kingdom(10%)",
	"otherkingdom2": "Other Kingdom(10%)",
	"perception-u": "Perception(25%)",
	"perception-r-txt": "Perception Roll",
	"persuade-u": "Persuade(10%)",
	"persuade-r-txt": "Persuade Roll",
	"pilotaircraft-u": "Pilot Aircraft(01%)",
	"pilotaircraft-r-txt": "Pilot Aircraft Roll",
	"pilotarc-u": "Pilot Arc(05%)",
	"pilotarc-r-txt": "Pilot Arc Roll",
	"pilotboat-u": "Pilot Boat(01%)",
	"pilotboat-r-txt": "Pilot Boat Roll",
	"physics-u": "Physics(01%)",
	"physics-r-txt": "Physics Roll",
	"psychology-u": "Psychology(10%)",
	"psychology-r-txt": "Psychology Roll",
	"psychoanalysis-u": "Psychoanalysis(01%)",
	"psychoanalysis-r-txt": "Psychoanalysis Roll",
	"readandwritelang1": "Read & Write Lang.(01%)",
	"readandwritelang2": "Read & Write Lang.(01%)",
	"religion-u": "Religion(20%)",
	"repair/devise-u": "Repair/Devise(20%)",
	"ride-u": "Ride(05%)",
	"ride-r-txt": "Ride Roll",
	"ride_ow-u": "Ride(15%)",
	"rope_use_ow-u": "Rope Use(05%)",
	"scavenge-u": "Scavenge(15%)",
	"security-u": "Security(01%)",
	"security-r-txt": "Security Roll",
	"singing-u": "Singing(05%)",
	"singing-r-txt": "Singing Roll",
	"sleightofhand-u": "Sleight of Hand(10%)",
	"sleightofhand-r-txt": "Sleight of Hand Roll",
	"sleight_of_hand_da": "Sleight of Hand(25%)",
	"slicing-u": "Slicing(05%)",
	"slicing-r-txt": "Slicing Roll",
	"spirit_lore-u": "Spirit Lore(05%)",
	"spirit_lore-r-txt": "Spirit Lore Roll",
	"spothidden-u": "Spot Hidden(25%)",
	"spothidden-r-txt": "Spot Hidden Roll",
	"stealth-u": "Stealth(20%)",
	"stealth-r-txt": "Stealth Roll",
	"survival_wilderness-u": "Survival(Wild)(10%)",
	"survival_wilderness-r-txt": "Survival(Wilderness) Roll",
	"survival-u": "Survival(10%)",
	"survival-r-txt": "Survival Roll",
	"streetwise-u": "Streetwise(10%)",
	"streetwise-r-txt": "Streetwise Roll",
	"swim_da-u": "Swim(25%)",
	"veil_lore-u": "Veil Lore(05%)",
	"veil_lore-r-txt": "Veil Lore Roll",
	"athletics-u": "Athletics(20%)",
	"athletics-r-txt": "Athletics Roll",
	"coordination-u": "Coordination(20%)",
	"coordination-r-txt": "Coordination Roll",
	"swim-u": "Swim(20%)",
	"swim-r-txt": "Swim Roll",
	"techrepair-u": "Tech. Repair(01%)",
	"throw-u": "Throw(20%)",
	"throw-r-txt": "Throw Roll",
	"unarmed-u": "Unarmed(25%)",
	"unarmed-r-txt": "Unarmed Roll",
	"throw_da-u": "Throw(25%)",
	"track-u": "Track(10%)",
	"track-r-txt": "Track Roll",
	"trap-u": "Trap(10%)",
	"otherskills-u": "Other Skills:",
	"animalhandling-u": "Animal Handling(05%)",
	"firearms(varies)-u": "Firearms(Varies)",
	"art/craft-u": "Art/Craft(05%)",
	"hypnosis-u": "Hypnosis(01%)",
	"artillery-u": "Artillery(01%)",
	"language(other)-u": "Other(01%)",
	"language_other-r-txt": "Language(Other) Roll",
	"computeruse-u": "Computer Use(10%)",
	"computermaint_ic-u": "Computer Maint.(05%)",
	"pilot-u": "Pilot(01%)",
	"readlips-u": "Read Lips(01%)",
	"science-u": "Science(01%)",
	"fighting(varies)-u": "Fighting(Varies)",
	"survival-u": "Survival(10%)",
	"sysops-u": "SysOps(10%)",
	"zerog_ic-u": "Zero-G(05%)",
	"backgrounds-u": "Backgrounds",
	"background-u": "Background",
	"talents-u": "Talents",
	"inventory-u": "Inventory",
	"careers-u": "Careers",
	"careers1-u": "Career 1",
	"careers2-u": "Career 2",
	"tier1_talents-u": "Tier 1 - 10 xp",
	"tier2_talents-u": "Tier 2 - 20 xp",
	"tier3_talents-u": "Tier 3 - 30 xp",
	"tier4_talents-u": "Tier 4 - 40 xp",
	"tier1_careers-u": "Tier 1 - 05 xp",
	"tier2_careers-u": "Tier 2 - 10 xp",
	"tier3_careers-u": "Tier 3 - 15 xp",
	"tier4_careers-u": "Tier 4 - 20 xp",
	"tier5_careers-u": "Tier 5 - 30 xp",
	"shield-z": "Shield",
	"head-u": "Head",
	"body-u": "Body",
	"l_arm-u": "L.Arm",
	"chest-u": "Chest",
	"r_arm-u": "R.Arm",
	"l_leg-u": "L.Leg",
	"abdmn-u": "Abdmn",
	"r_leg-u": "R.Leg",
	"item-u": "Item",
	"defence-u": "Defence",
	"weapons-u": "Weapons",
	"combat-u": "Combat",
	"weapons-u": "Weapons",
	"weaponname-u": "Weapon Name",
	"skill-u": "Skill",
	"damage-u": "Damage",
	"range-u": "Range",
	"attacks-u": "Attacks",
	"ammo-u": "Ammo",
	"malf-u": "Malf",
	"constested-u": "Cont",
	"Fighting(Brawl)": "Brawl",
	"Firarms(HG)": "Pistol",
	"Firarms(SMG)": "Submachine Guns",
	"Firarms(R/S)": "Rifle/Shotgun",
	"Fighting(Other)": "Fighting(Other)",
	"Firarms(Electr.)": "Firarms(Electr.)",
	"Throw": "Throw",
	"armor-u": "Armor",
	"armor_name-u": "Armor Name",
	"armor_equipped-u": "E",
	"armor_physical-u": "Phys",
	"armor_arcane-u": "Arc.",
	"armor_layer-u": "Layer",
	"armor_category-u": "Category",
	"armor_traits-u": "Traits",
	"spell_name-u": "Spell Name",
	"spell_prepared-u": "P",
	"spell_roll-u": "",
	"spell_skill-u": "Skill",
	"spell_damage-u": "Damage",
	"spell_concentration-u": "CON",
	"spell_range-u": "Range",
	"spell_attacks-u": "Attacks",
	"spell_element-u": "Element",
	"spell_strain-u": "Strain",
	"spell_contested-u": "Cont",
	"omnidecks-u": "Omnidecks",
	"omnideck_name-u": "Omnideck Name",
	"omnideck_equipped-u": "E",
	"omnideck_roll-u": "",
	"omnideck_skill-u": "Skill",
	"omnideck_ir-u": "IR",
	"omnideck_mr-u": "MR",
	"omnideck_fr-u": "FR",
	"omnideck_dic-u": "DIC",
	"omnideck_dit-u": "DIT",
	"omnideck_ar-u": "AR",
	"omnideck_prog_slots-u": "PS",
	"omnideck_mod_slots-u": "MS",
	"programs-u": "Programs",
	"program_name-u": "Program Name",
	"program_active-u": "A",
	"program_roll-u": "",
	"program_damage-u": "Damage",
	"program_effect-u": "Effect",
	"alteri_arcana-u": "Alteri Arcana(05%)",
	"alteri_deception-u": "Alteri Deception(05%)",
	"alteri_disguise-u": "Alteri Disguise(05%)",
	"alteri_history-u": "Alteri History(05%)",
	"alteri_persuade-u": "Alteri Persuade(05%)",
	"alteri_insight-u": "Alteri Insight(05%)",
	"alteri_impersonation-u": "Alteri Impersonation(05%)",
	"alteri_slicing-u": "Alteri Slicing(05%)",
	"alteri_streetwise-u": "Alteri Streetwise(05%)",
	"alteri_stealth-u": "Alteri Stealth(05%)",
	"alteri_talent_disguise-u": "Alteri Disguise(10%)",
	"alteri_talent_impersonation-u": "Alteri Impersonation(10%)",
	"alteri_talent_insight-u": "Alteri Insight(10%)",
	"alteri_talent_slicing-u": "Alteri Slicing(10%)",
	"alteri_talent_stealth-u": "Alteri Stealth(10%)",
	"draevi_athletics-u": "Draevi Athletics(05%)",
	"draevi_electronics-u": "Draevi Electronics(05%)",
	"draevi_mechanics-u": "Draevi Mechanics(05%)",
	"draevi_navigate-u": "Draevi Navigate(05%)",
	"draevi_occult-u": "Draevi Occult Lore(05%)",
	"draevi_slicing-u": "Draevi Slicing(05%)",
	"draevi_spirit_lore-u": "Draevi Spirit Lore(05%)",
	"draevi_streetwise-u": "Draevi Streetwise(05%)",
	"draevi_survival-u": "Draevi Survival(05%)",
	"draevi_veil_lore-u": "Draevi Veil Lore(05%)",
	"draevi_talent_electronics-u": "Draevi Electronics(10%)",
	"draevi_talent_intimidate-u": "Draevi Intimidate(10%)",
	"draevi_talent_mechanics-u": "Draevi Mechanics(10%)",
	"draevi_talent_streetwise-u": "Draevi Streetwise(10%)",
	"draevi_talent_survival-u": "Draevi Survival(10%)",
	"draevi_talent_track-u": "Draevi Track(10%)",
	"human_first_aid-u": "Human First Aid(05%)",
	"human_insight-u": "Human Insight(05%)",
	"human_slicing-u": "Human Slicing(05%)",
	"human_etiquette_high_society-u": "Human Etiquette (H. Soc.)(05%)",
	"human_persuade-u": "Human Persuade(05%)",
	"human_stealth-u": "Human Stealth(05%)",
	"human_streetwise-u": "Human Streetwise(05%)",
	"human_survival-u": "Human Survival(05%)",
	"human_firearms_rifle-u": "Human Rifle/Shotgun(05%)",
	"human_electronics-u": "Human Electronics(05%)",
	"human_mechanics-u": "Human Mechanics(05%)",
	"human_talent_electronics-u": "Human Electronics(10%)",
	"human_talent_mechanics-u": "Human Mechanics(10%)",
	"human_talent_slicing-u": "Human Slicing(10%)",
	"lyranni_arcana-u": "Lyranni Arcana(05%)",
	"lyranni_perception-u": "Lyranni Perception(05%)",
	"lyranni_occult-u": "Lyranni Occult Lore(05%)",
	"lyranni_etiquette_lyranni-u": "Lyranni Etiquette Lyranni(05%)",
	"lyranni_persuade-u": "Lyranni Persuade(05%)",
	"lyranni_streetwise-u": "Lyranni Streetwise(05%)",
	"lyranni_magic_technomancy-u": "Lyranni Magic(Technomancy)(05%)",
	"lyranni_slicing-u": "Lyranni Slicing(05%)",
	"lyranni_talent_electronics-u": "Lyranni Electronics(10%)",
	"lyranni_talent_mechanics-u": "Lyranni Mechanics(10%)",
	"lyranni_talent_slicing-u": "Lyranni Slicing(10%)",
	"lyranni_talent_insight-u": "Lyranni Insight(10%)",
	"lyranni_talent_dance-u": "Lyranni Dance(10%)",
	"lyranni_talent_impersonation-u": "Lyranni Impersonation(10%)",
	"lyranni_talent_instrument-u": "Lyranni Instrument(10%)",
	"lyranni_talent_singing-u": "Lyranni Singing(10%)",
	"reset_initialization": "Reset Racial Initialization",
  "racial_bonuses_initialized": "Racial Bonuses Applied",
	"Other Skill #1": "Other Skill #1",
	"Other Skill #2": "Other Skill #2",
	"Other Skill #3": "Other Skill #3",
	"Other Skill #4": "Other Skill #4",
	"Other Skill #5": "Other Skill #5",
	"Other Skill #6": "Other Skill #6",
	"Other Skill #7": "Other Skill #7",
	"Other Skill #8": "Other Skill #8",
	"Other Skill #9": "Other Skill #9",
	"Other Skill #10": "Other Skill #10",
	"spells-u": "Spells",
	"companions&mounts-u": "NPCs",
	"vehicles-u": "Vehicles",
	"cap-u": "Capacity",
	"vehicleattack-u": "Vehicular Impact Attack",
	"vehicleattack_req-u": "Requires Build and Operator's Skill",
	"operatorskill": "Operator's Skill",
	"MountedWeaponSkill": "Mounted Weapon Skill",
	"generalinfo-u": "General Info",
	"cargo-u": "Cargo",
	"passengers-u": "Passengers",
	"san-u": "SAN",
	"HP-z": "HP",
	"MP-z": "MP",
	"armor-z": "Armor",
	"db-z": "DB",
	"bdb-u": "B/DB",
	"damage&db-z": "Dam+DB",
	"dam-z": "Dam",
	"MOV-u": "MOV",
	"skill1": "Skill 1",
	"skill2": "Skill 2",
	"skill3": "Skill 3",
	"skill4": "Skill 4",
	"skill5": "Skill 5",
	"skill6": "Skill 6",
	"skill7": "Skill 7",
	"skill8": "Skill 8",
	"gearandpossessions-u": "Gear and Possessions",
	"cashandassets-u": "Cash and Assests",
	"spendinglevel-u": "Spending Level",
	"cash-u": "Cash",
	"assets-u": "Assets",
	"backstory-u": "Backstory",
	"Personal Description": "Personal Description",
	"Ideology/Beliefs": "Ideology/Beliefs",
	"Significant People": "Significant People",
	"Meaningful Locations": "Meaningful Locations",
	"Treasured Possessions": "Treasured Possessions",
	"Traits": "Traits",
	"Injuries & Scars": "Injuries &amp; Scars",
	"Phobias/Manias": "Phobias/Manias",
	"Tomes, Spells and Artifacts": "Tomes, Spells and Artifacts",
	"Encounters with Strange Entities": "Encounters with Strange Entities",
	"Encounters with Strange Entities-z": "Encounters with Strange Entities",
	"majorwound-z": "M. Wound",
	"editmode-u": "Edit Mode",
	"dicemodifiers-u": "Dice Modifiers",
	"dying-z": "Dying",
	"pulphp-z": "Pulp HP",
	"unarmed-z": "Unarmed",
	"dodge-z": "Dodge",
	"current-mental-condition": "Current Mental Condition",
	"body-hit-location": "Hit Loc.",
	"rolled": "Rolled:",
	"right-leg": "Right Leg",
	"left-leg": "Left Leg",
	"abdomen": "Abdomen",
	"chest": "Chest",
	"right-arm": "Right Arm",
	"left-arm": "Left Arm",
	"head": "Head",
	"downtime-u": "Downtime",
	"scenarioname-u": "Scenario Name",
	"scenarioinfo-u": "Conclusion & Info",
	"scenariorewards-u": "Rewards",
	"spellname-u": "Spell Name",
	"cost-u": "Cost",
	"castime-u": "Casting Time",
	"description-u": "Description",
	"bout-of-madness-u-time": "Bout of Madness - Real Time",
	"bout-of-madness-u-summary": "Bout of Madness - Summary",
	"amnesia": "Amnesia:",
	"amnesia-dec": "The investigator has no memory of events that have taken place since they were last in a place of safety.",
	"psychosomatic-disability": "Psychosomatic disability:",
	"psychosomatic-disability-dec": "The investigator suffers psychosomatic blindness, deafness, or loss of the use of a limb or limbs.",
	"violence": "Violence:",
	"violence-dec": "A red mist descends on the investigator and they explode in a spree of uncontrolled violence and destruction directed at their surroundings, allies or foes alike.",
	"paranoia": "Paranoia:",
	"paranoia-dec": "The investigator suffers severe paranoia.",
	"significant-person": "Significant Person:",
	"significant-person-dec": "The investigator mistakes another person in the scene for a Significant Person of theirs.",
	"faint": "Faint:",
	"faint-dec": "The investigator faints.",
	"flee-in-panic": "Flee in Panic:",
	"flee-in-panic-dec": "The investigator is compelled to get as far away as possible by whatever means are available.",
	"physical-hysterics-or-emotional-outburst": "Physical hysterics or emotional outburst:",
	"physical-hysterics-or-emotional-outburst-dec": "The investigator is incapacitated from laughing, crying, screaming, etc.",
	"phobia": "Phobia:",
	"phobia-dec": "The investigator gains a new phobia. Roll 1D100 on Sample Phobias Table (or choose one). Even if the source of the phobia is not present, the investigator imagines it is there.",
	"mania": "Mania:",
	"mania-dec": "The investigator gains a new mania. Roll 1D100 on Sample Manias Table (or choose one). The investigator seeks to indulge in their new mania.",
	"amnesia-dec2": "The investigator comes to their senses in some unfamiliar place with no memory of who they are. Their memories will slowly return to them over time.",
	"robbed": "Robbed:",
	"robbed-dec": "The investigator comes to their senses (1D10) hours later, having been robbed. They are unharmed. If they were carrying a Treasured Possession, make a Luck roll to see if it was stolen. Everything else of value is automatically missing.",
	"battered": "Battered:",
	"battered-dec": "The investigator comes to their senses (1D10) hours later to find themselves battered and bruised. Hit points are reduced to half of what they were before going insane, though this does not cause a Major wound. They have not been robbed. How the damage was sustained is up to the Keeper.",
	"violence-dec2": "The investigator explodes in a spree of violence and destruction. When the investigator comes to their senses, their actions may or may not be apparent or remembered. Who or what the investigator has inflicted violence upon and whether they have killed or simply inflicted harm is up to the Keeper.",
	"ideology-beliefs": "Ideology/Beliefs:",
	"ideology-beliefs-dec": "Review the investigator’s backstory entry for Ideology and Beliefs. The investigator manifests one of these in an extreme, crazed and demonstrative manner.",
	"significant-people": "Significant People:",
	"significant-people-dec": "Consult the investigator’s backstory entry for Significant People and why the relationship is so important. In the time that passes (1D10 hours or more) the investigator has done their best to get close to that person and act upon their relationship in some way.",
	"institutionalized": "Institutionalized:",
	"institutionalized-dec": "The investigator comes to their senses in a psychiatric ward or police cell. They may slowly recall the events that led them there.",
	"flee-in-panic-dec2": "When the investigator comes to their senses they are far away.",
	"phobia-dec2": "The investigator gains a new phobia. Roll 1D100 on Phobias Table or choose one. The investigator comes to their senses (1D10) hours later, having taken every precaution to avoid their new phobia.",
	"mania-dec2": "The investigator gains a new mania. Roll 1D100 on Manias Table or choose one. The investigator comes to their senses (1D10) hours later. During this bout of madness, the investigator will have been fully indulging in their new mania. Whether this is apparent to other people is up to the Keeper and player.",
	"value": "Value:",
	"critical": "Critical",
	"success": "Success",
	"hard": "Hard",
	"extreme": "Extreme",
	"fumble": "Fumble",
	"fail": "Fail",
	"malf": "Malf:",
	"result": "Result:",
	"dam": "Damage:",
	"strain": "Strain",
	"pulp-bout-of-madness-u-time": "Pulp Bout of Madness - Real-Time",
	"crazy-pan": "Crazy Plan:",
	"rage": "Rage:",
	"gloat": "Gloat:",
	"relax": "Relax:",
	"show-off": "Show Off:",
	"alter-ego": "Alter Ego:",
	"pulp-amnesia-dec": "The hero ceases to think of him or herself as a hero, losing the ability to use his or her pulp talents.",
	"pulp-crazy-plan-dec": "The hero pursues an irrational or ill-conceived plan. The plan must either benefit the enemy’s situation or increase the danger for the hero or his or her allies.",
	"pulp-rage-dec": "A red mist descends on the hero and he or she explodes in a spree of uncontrolled violence and destruction directed at their surroundings, allies, or foes alike.",
	"pulp-gloat-dec": "The hero is compelled to boast, gloat, or exclaim their plans aloud.",
	"pulp-relax-dec": "The hero is convinced that the threat is negligible, and he or she sits back and relaxes.",
	"pulp-flee-in-panic-dec": "The hero is compelled to get as far away as possible by whatever means are available, even if it necessitates them taking the only vehicle and leaving everyone else behind.",
	"pulp-show-off-dec": "The hero becomes an attention-seeking maniac, possibly prone to foolhardy acts.",
	"pulp-alter-ego-dec": "The hero’s personality undergoes a complete transformation and is replaced by one completely different. The alter ego is a mirror opposite of the hero.",
	"pulp-phobia-dec": "The hero gains a new phobia. Roll 1D100 on Sample Phobias Table (or choose one). Even if the source of the phobia is not present, the hero imagines it is there.",
	"pulp-mania-dec": "The hero gains a new mania. Roll 1D100 on Sample Manias Table (or choose one). The hero seeks to indulge in their new mania.",
	"pulp-bout-of-madness-u-summary": "Pulp Bout of Madness - Summary",
	"institutionalized-or-apprehended": "Institutionalized or Apprehended:",
	"pulp-amnesia-dec2": "The hero comes to their senses in some unfamiliar place, with no memory of who they are and lacking any of their pulp talents. Their memories slowly return to them over time. Their pulp talents only return in a time of crisis. In this case, a crisis is defined as someone’s life being endangered. When someone’s life is threatened, the hero should make a Luck roll; if successful, their talents return. If unsuccessful they may try again in 1D10 rounds.",
	"pulp-robbed-dec": "The hero comes to their senses (1D10) hours later, having been robbed. They are unharmed. If they were carrying a Treasured Possession (per their backstory), make a Luck roll to see if it was stolen. Everything else of value is automatically missing.",
	"pulp-battered-dec": "The hero comes to their senses (1D10) hours later to find themselves battered and bruised. Hit points are reduced to half of what they were before going insane. They have not been robbed. How the damage was sustained is up to the Keeper.",
	"pulp-violence-dec2": "The hero explodes in a spree of violence and destruction. When the hero comes to their senses, their actions may or may not be apparent or remembered. Who or what the hero has inflicted violence upon, and whether they have killed or only inflicted harm, is up to the Keeper.",
	"pulp-ideology-beliefs-dec": "Review the hero’s backstory entry for Ideology and Beliefs. The hero manifests one of these in an extreme, crazed, and demonstrative manner. A common outcome is some variant of megalomania, whereby the hero’s talents and beliefs begin to corrupt their humanity and sense of right and wrong.",
	"pulp-significant-people-dec": "Consult the hero’s backstory entry for Significant People and why the relationship is so important. In the time that passes (1D10 hours or more) the hero has done their best to get close to that person and act upon their relationship in some way.",
	"pulp-institutionalized-or-apprehended-dec": "The hero comes to their senses in a high-security psychiatric ward, police cell or under captivity. They may slowly recall the events that led them there.",
	"pulp-flee-in-panic-dec2": "When the hero comes to their senses, they are far away, perhaps somewhere noteworthy or lost. How they reached the location is unknown to them.",
	"pulp-phobia-dec2": "The hero gains a new phobia. Roll 1D100 on Phobias Table or choose one. The hero comes to their senses (1D10) hours later, having taken every precaution to avoid their new phobia.",
	"pulp-mania-dec2": "The hero gains a new mania. Roll 1D100 on Manias Table or choose one. The hero comes to their senses (1D10) hours later. During this bout of madness, they will have been fully indulging in their new mania. Whether this is apparent to other people is up to the Keeper and player.",
	"delusion-da-dec": "The Investigator sees things that are not real, but is unable to tell truth from hallucination.",
	"delusion-da": "Delusion:",
	"shackled-da": "Shackled:",
	"delusion-da-dec2": "The investigator has been profoundly affected by a hallucination, causing them to undertake some form action. Perhaps they have dug a deep pit and are now hiding in it, or barricaded themselves within a hut.",
	"flee-in-panic-da-dec2": "When the investigator comes to their senses they are far away, perhaps lost in the wilderness or hammering on a door demanding to be let inside.",
	"shackled-da-dec": "The investigator, raving and talking in strange tongues, has been captured and put in shackles or imprisoned in some manner."
}
